Date,Value,Smoothed,Difference,Anomaly,Severity,Alert
2022-01-04,5973,5712.142857142857,260.8571428571431,normal,0.08460191583609948,Low
2022-01-05,4583,5692.714285714285,-1109.7142857142853,normal,0.3599056310048302,Low
2022-01-06,4919,5485.857142857143,-566.8571428571431,normal,0.18384468895818323,Low
2022-01-07,6584,5530.0,1054.0,normal,0.34183621853162177,Low
2022-01-08,6903,5295.0,1608.0,normal,0.5215110430729106,Low
2022-01-09,5309,5293.857142857142,15.142857142857792,normal,0.004911173646564579,Low
2022-01-10,4439,5255.714285714285,-816.7142857142853,normal,0.2648790541264951,Low
2022-01-11,4328,5241.285714285714,-913.2857142857138,normal,0.2961993690800565,Low
2022-01-12,4575,5202.714285714285,-627.7142857142853,normal,0.20358204719814924,Low
2022-01-13,4652,5276.857142857142,-624.8571428571422,normal,0.20265541066106155,Low
2022-01-14,6483,5292.142857142857,1190.8571428571431,normal,0.3862221086581187,Low
2022-01-15,6633,5237.142857142857,1395.8571428571431,normal,0.4527082801941552,Low
2022-01-16,5828,5305.142857142857,522.8571428571431,normal,0.16957448628703392,Low
2022-01-17,4546,5312.714285714285,-766.7142857142853,normal,0.2486629147274618,Low
2022-01-18,3943,5288.142857142857,-1345.1428571428569,normal,0.4362604816608498,Low
2022-01-19,5051,5203.428571428572,-152.42857142857156,normal,0.04943605925362439,Low
2022-01-20,4705,5289.857142857143,-584.8571428571431,normal,0.18968249914183521,Low
2022-01-21,6311,5153.857142857142,1157.1428571428578,normal,0.37528779752048497,Low
2022-01-22,6040,5239.285714285714,800.7142857142862,normal,0.25968988951880473,Low
2022-01-23,6433,5205.428571428571,1227.5714285714294,normal,0.39812938815969473,Low
2022-01-24,3594,5265.142857142858,-1671.1428571428578,normal,0.5419897105425472,Low
2022-01-25,4541,5196.285714285714,-655.2857142857138,normal,0.2125240897810447,Low
2022-01-26,4814,5430.571428571428,-616.5714285714284,normal,0.19996816470350762,Low
2022-01-27,5123,5379.857142857143,-256.8571428571431,normal,0.08330462468417682,Low
2022-01-28,5829,5441.857142857142,387.1428571428578,normal,0.12555925077537228,Low
2022-01-29,7680,4943.857142857143,2736.142857142857,normal,0.8873934797419559,Low
2022-01-30,6078,4838.999999999999,1239.000000000001,normal,0.40183593430804526,Low
2022-01-31,4028,4999.428571428571,-971.4285714285706,normal,0.3150564226097894,Low
2022-02-01,1055,5058.0,-4003.0,normal,1.2982641202866052,Low
2022-02-02,4080,4920.857142857143,-840.8571428571431,normal,0.2727091328648857,Low
2022-02-03,6246,4913.571428571428,1332.4285714285716,normal,0.4321369490708101,Low
2022-02-04,6239,4961.142857142857,1277.8571428571431,normal,0.41443819121243664,Low
2022-02-05,6720,5340.428571428571,1379.5714285714294,normal,0.44742645193275593,Low
2022-02-06,6027,5464.142857142857,562.8571428571431,normal,0.18254739780626056,Low
2022-02-07,4361,5306.142857142857,-945.1428571428569,normal,0.3065313664685835,Low
2022-02-08,3710,5455.428571428572,-1745.4285714285716,normal,0.5660822605068251,Low
2022-02-09,4946,5517.5714285714275,-571.5714285714275,normal,0.18537363924437736,Low
2022-02-10,5140,5468.714285714285,-328.7142857142853,normal,0.10660953359193016,Low
2022-02-11,7284,5581.428571428571,1702.5714285714294,normal,0.552182712450511,Low
2022-02-12,7155,5628.5714285714275,1526.4285714285725,normal,0.4950555699390595,Low
2022-02-13,5685,5689.428571428571,-4.428571428570649,normal,0.001436286632485553,Low
2022-02-14,5150,5676.142857142857,-526.1428571428569,normal,0.1706401183046845,Low
2022-02-15,4040,5730.857142857143,-1690.8571428571431,normal,0.5483835026484516,Low
2022-02-16,5372,5658.428571428572,-286.42857142857156,normal,0.09289531284303361,Low
2022-02-17,5047,5705.5714285714275,-658.5714285714275,normal,0.2135897217986953,Low
2022-02-18,7667,5523.571428571428,2143.4285714285716,normal,0.69516273012313,Low
2022-02-19,6648,5619.714285714284,1028.2857142857156,normal,0.33349648969783363,Low
2022-02-20,6015,5610.714285714285,404.2857142857147,normal,0.13111906999789788,Low
2022-02-21,3876,5641.428571428571,-1765.4285714285706,normal,0.572568716266438,Low
2022-02-22,4713,5426.285714285714,-713.2857142857138,normal,0.23133481148392332,Low
2022-02-23,5309,5458.142857142857,-149.14285714285688,normal,0.048370427235973505,Low
2022-02-24,5262,5305.5714285714275,-43.57142857142753,normal,0.014131207190585816,Low
2022-02-25,6161,5376.428571428571,784.5714285714294,normal,0.25445439308425977,Low
2022-02-26,6871,5301.428571428571,1569.5714285714294,normal,0.5090477816490825,Low
2022-02-27,4947,5202.285714285714,-255.28571428571377,normal,0.08279497458877838,Low
2022-02-28,4372,5205.571428571428,-833.5714285714284,normal,0.2703462096953121,Low
2022-03-01,4188,5331.857142857142,-1143.8571428571422,normal,0.3709789376230271,Low
2022-03-02,4615,5441.285714285714,-826.2857142857138,normal,0.26798328652573855,Low
2022-03-03,5285,5724.714285714285,-439.7142857142853,normal,0.14260936305778407,Low
2022-03-04,7045,5854.571428571428,1190.4285714285716,normal,0.3860831131775555,Low
2022-03-05,7637,5942.999999999999,1694.000000000001,normal,0.5494028028392481,Low
2022-03-06,6931,6142.714285714285,788.2857142857147,normal,0.25565902058247353,Low
2022-03-07,5281,6121.142857142857,-840.1428571428569,normal,0.2724774737306136,Low
2022-03-08,4807,6180.0,-1373.0,normal,0.44529518789745415,Low
2022-03-09,6013,6174.571428571428,-161.57142857142844,normal,0.05240129617230468,Low
2022-03-10,5134,6044.285714285715,-910.2857142857147,normal,0.2952264007161148,Low
2022-03-11,7457,5967.0,1490.0,normal,0.48324095409119205,Low
2022-03-12,7599,6005.285714285714,1593.7142857142862,normal,0.5168778603874727,Low
2022-03-13,6019,5966.714285714285,52.285714285714675,normal,0.01695744862870351,Low
2022-03-14,4740,6053.714285714285,-1313.7142857142853,normal,0.426067479752886,Low
2022-03-15,5075,5991.714285714286,-916.7142857142862,normal,0.29731133292456197,Low
2022-03-16,5743,5746.714285714285,-3.7142857142853245,normal,0.0012046274982137751,Low
2022-03-17,5743,5878.0,-135.0,normal,0.04378357637738989,Low
2022-03-18,7023,6002.857142857142,1020.1428571428578,normal,0.33085557556713374,Low
2022-03-19,5884,5998.285714285714,-114.28571428571377,normal,0.037065461483504494,Low
2022-03-20,6938,6003.714285714286,934.2857142857138,normal,0.3030101476276505,Low
2022-03-21,5614,6114.714285714286,-500.71428571428623,normal,0.16239305312460497,Low
2022-03-22,5043,6110.285714285715,-1067.2857142857147,normal,0.3461450784290793,Low
2022-03-23,5781,6503.285714285714,-722.2857142857138,normal,0.2342537165757493,Low
2022-03-24,6520,6226.428571428571,293.57142857142935,normal,0.09521190418575286,Low
2022-03-25,6992,6081.428571428571,910.5714285714294,normal,0.2953190643698237,Low
2022-03-26,8635,6070.571428571428,2564.4285714285716,normal,0.8317026238629903,Low
2022-03-27,5000,5978.714285714285,-978.7142857142853,normal,0.3174193457793629,Low
2022-03-28,4599,5747.5714285714275,-1148.5714285714275,normal,0.37250788790922157,Low
2022-03-29,4967,7134.5714285714275,-2167.5714285714275,normal,0.70299280886152,Low
2022-03-30,5138,6900.857142857143,-1762.8571428571431,normal,0.5717347433830595,Low
2022-03-31,4902,7079.571428571428,-2177.5714285714284,normal,0.706236036741327,Low
2022-04-01,16701,7185.428571428572,9515.571428571428,spike,3.0861166549434524,High
2022-04-02,6999,7145.857142857143,-146.85714285714312,normal,0.04762911800630358,Low
2022-04-03,6251,7196.428571428572,-945.4285714285716,normal,0.3066240301222924,Low
2022-04-04,5340,7313.0,-1973.0,normal,0.6398888606858537,Low
2022-04-05,4690,5946.428571428571,-1256.4285714285706,normal,0.40748841718427914,Low
2022-04-06,5492,8081.714285714284,-2589.7142857142844,normal,0.8399033572162153,Low
2022-04-07,5718,8142.5714285714275,-2424.5714285714275,normal,0.7863437653725511,Low
2022-04-08,7135,8055.857142857142,-920.8571428571422,normal,0.2986549559033386,Low
2022-04-09,21946,8110.999999999999,13835.0,spike,4.487005771712512,High
2022-04-10,6677,8119.285714285714,-1442.2857142857138,normal,0.4677661239218287,Low
2022-04-11,4733,8064.142857142856,-3331.142857142856,normal,1.0803655385904518,Low
2022-04-12,5076,8015.857142857142,-2939.857142857142,normal,0.9534626648363029,Low
2022-04-13,5550,6045.857142857142,-495.8571428571422,normal,0.16081777101155564,Low
2022-04-14,5332,5950.285714285714,-618.2857142857138,normal,0.20052414662576007,Low
2022-04-15,6797,5971.0,826.0,normal,0.26789062287202997,Low
2022-04-16,8156,6031.571428571428,2124.4285714285716,normal,0.6890005971514974,Low
2022-04-17,6008,6052.857142857142,-44.85714285714221,normal,0.01454819363227537,Low
2022-04-18,4878,5965.428571428571,-1087.4285714285706,normal,0.3526778660155466,Low
2022-04-19,5500,6106.428571428571,-606.4285714285706,normal,0.1966786049968464,Low
2022-04-20,5699,5993.999999999999,-294.9999999999991,normal,0.09567522245429612,Low
2022-04-21,4720,6102.428571428571,-1382.4285714285706,normal,0.44835308846984306,Low
2022-04-22,7784,6123.714285714284,1660.2857142857156,normal,0.5384684917016145,Low
2022-04-23,7369,6156.999999999999,1212.000000000001,normal,0.39307921903256726,Low
2022-04-24,6767,6148.142857142857,618.8571428571431,normal,0.20070947393317784,Low
2022-04-25,5027,6246.857142857143,-1219.8571428571431,normal,0.395627469509558,Low
2022-04-26,5733,6257.285714285715,-524.2857142857147,normal,0.17003780455557777,Low
2022-04-27,5637,6351.714285714285,-714.7142857142853,normal,0.23179812975246716,Low
2022-04-28,5411,6352.142857142857,-941.1428571428569,normal,0.30523407531666086,Low
2022-04-29,7857,7705.999999999999,151.0000000000009,normal,0.04897274098508084,Low
2022-04-30,8030,7588.999999999999,441.0000000000009,normal,0.14302634949947393,Low
2022-05-01,6770,7596.142857142857,-826.1428571428569,normal,0.2679369546988843,Low
2022-05-02,14504,7668.714285714285,6835.285714285715,spike,2.21683891950156,High
2022-05-03,4914,7504.857142857142,-2590.857142857142,normal,0.8402740118310505,Low
2022-05-04,5687,7605.142857142857,-1918.1428571428569,normal,0.6220974391737714,Low
2022-05-05,5919,7590.714285714285,-1671.7142857142853,normal,0.5421750378499643,Low
2022-05-06,6710,6254.571428571428,455.42857142857156,normal,0.14770586401176614,Low
2022-05-07,8732,6315.142857142857,2416.857142857143,normal,0.783841846722415,Low
2022-05-08,6669,6393.857142857142,275.1428571428578,normal,0.08923509852153769,Low
2022-05-09,5151,6339.714285714285,-1188.7142857142853,normal,0.38552713125530275,Low
2022-05-10,5338,6369.857142857142,-1031.8571428571422,normal,0.3346547853691925,Low
2022-05-11,6238,6127.285714285714,110.71428571428623,normal,0.035907165812145314,Low
2022-05-12,5540,6079.428571428572,-539.4285714285716,normal,0.17494897820214206,Low
2022-05-13,6921,6140.0,781.0,normal,0.2532960974129,Low
2022-05-14,7034,6246.857142857143,787.1428571428569,normal,0.2552883659676383,Low
2022-05-15,6334,6128.571428571428,205.42857142857156,normal,0.06662516701659968,Low
2022-05-16,5575,6227.285714285714,-652.2857142857138,normal,0.2115511214171027,Low
2022-05-17,6086,6295.571428571428,-209.57142857142844,normal,0.06796878999537664,Low
2022-05-18,5410,6658.428571428571,-1248.4285714285706,normal,0.40489383488043384,Low
2022-05-19,6231,6699.714285714284,-468.7142857142844,normal,0.15201472390922308,Low
2022-05-20,7399,6562.285714285714,836.7142857142862,normal,0.2713655098861087,Low
2022-05-21,9574,6512.428571428571,3061.5714285714294,normal,0.9929373813162359,Low
2022-05-22,6623,6603.428571428572,19.57142857142844,normal,0.006347460279050132,Low
2022-05-23,4613,6620.714285714285,-2007.7142857142853,normal,0.651147494611468,Low
2022-05-24,5737,6750.285714285714,-1013.2857142857138,normal,0.32863164787812305,Low
2022-05-25,6047,6446.0,-399.0,normal,0.12940479240428565,Low
2022-05-26,6352,6405.142857142857,-53.14285714285688,normal,0.017235439589829586,Low
2022-05-27,8306,6500.0,1806.0,normal,0.5857269550930825,Low
2022-05-28,7444,6502.142857142856,941.857142857144,normal,0.3054657344509332,Low
2022-05-29,6337,6381.857142857142,-44.85714285714221,normal,0.01454819363227537,Low
2022-05-30,5277,6353.142857142856,-1076.142857142856,normal,0.3490176516940504,Low
2022-05-31,5752,6304.0,-552.0,normal,0.17902617896532752,Low
2022-06-01,5205,8164.0,-2959.0,normal,0.9596711296347902,Low
2022-06-02,6151,8362.571428571428,-2211.5714285714275,normal,0.7172630115326694,Low
2022-06-03,7962,8355.857142857143,-393.8571428571431,normal,0.12773684663752805,Low
2022-06-04,20464,8369.285714285714,12094.714285714286,spike,3.9225914569724445,High
2022-06-05,7727,8565.142857142855,-838.1428571428551,normal,0.27182882815465165,Low
2022-06-06,5230,8445.714285714284,-3215.7142857142844,normal,1.0429294224921122,Low
2022-06-07,5846,8388.857142857141,-2542.8571428571413,normal,0.8247065180079783,Low
2022-06-08,6576,6631.0,-55.0,normal,0.01783775333893662,Low
2022-06-09,5315,6386.857142857141,-1071.8571428571413,normal,0.3476276968884189,Low
2022-06-10,7564,6318.142857142857,1245.8571428571431,normal,0.4040598619970553,Low
2022-06-11,8159,6271.285714285714,1887.7142857142862,normal,0.6122287600537885,Low
2022-06-12,6018,6212.857142857143,-194.85714285714312,normal,0.06319661182937554,Low
2022-06-13,4749,6299.714285714285,-1550.7142857142853,normal,0.5029319805043038,Low
2022-06-14,5518,6191.428571428571,-673.4285714285706,normal,0.218408231791551,Low
2022-06-15,6167,6181.857142857143,-14.857142857143117,normal,0.00481850999285569,Low
2022-06-16,5923,6298.0,-375.0,normal,0.12162104549274969,Low
2022-06-17,6806,6510.285714285715,295.7142857142853,normal,0.0959068815885682,Low
2022-06-18,8092,6534.714285714285,1557.2857142857147,normal,0.5050632445396056,Low
2022-06-19,6831,6561.0,270.0,normal,0.08756715275477978,Low
2022-06-20,6235,6640.571428571428,-405.57142857142844,normal,0.13153605643958713,Low
2022-06-21,5689,6999.999999999999,-1310.999999999999,normal,0.4251871750426526,Low
2022-06-22,6351,7095.999999999999,-744.9999999999991,normal,0.24162047704559575,Low
2022-06-23,6480,7060.285714285714,-580.2857142857138,normal,0.18819988068249477,Low
2022-06-24,9322,8936.857142857143,385.1428571428569,normal,0.12491060519941063,Low
2022-06-25,8764,8937.142857142857,-173.14285714285688,normal,0.056154174147509485,Low
2022-06-26,6581,8975.714285714286,-2394.7142857142862,normal,0.776660413559986,Low
2022-06-27,19371,8926.714285714286,10444.285714285714,spike,3.3873198613237823,High
2022-06-28,5691,8821.0,-3130.0,normal,1.015130326379484,Low
2022-06-29,6621,8745.42857142857,-2124.4285714285706,normal,0.6890005971514971,Low
2022-06-30,6137,8844.285714285714,-2707.2857142857138,normal,0.878034450717371,Low
2022-07-01,8582,6810.142857142857,1771.8571428571431,normal,0.5746536484748855,Low
2022-07-02,8235,6800.0,1435.0,normal,0.46540320075225544,Low
2022-07-03,7273,6614.857142857142,658.1428571428578,normal,0.2134507263181327,Low
2022-07-04,5132,6747.142857142857,-1615.1428571428569,normal,0.5238276344156296,Low
2022-07-05,5620,6530.0,-910.0,normal,0.2951337370624059,Low
2022-07-06,5325,6772.142857142858,-1447.1428571428578,normal,0.469341406034878,Low
2022-07-07,7063,6742.142857142857,320.8571428571431,normal,0.10406128311493944,Low
2022-07-08,7062,6934.571428571428,127.42857142857156,normal,0.04132798955410774,Low
2022-07-09,9930,7093.285714285714,2836.7142857142862,normal,0.9200110858474403,Low
2022-07-10,7063,8547.999999999998,-1484.9999999999982,normal,0.48161934015128816,Low
2022-07-11,6479,8452.857142857143,-1973.8571428571431,normal,0.6401668516469801,Low
2022-07-12,6731,7656.571428571428,-925.5714285714284,normal,0.3001839061895334,Low
2022-07-13,15508,7617.5714285714275,7890.4285714285725,spike,2.559045792648017,High
2022-07-14,6397,7771.571428571428,-1374.5714285714284,normal,0.4458048379928523,Low
2022-07-15,1488,7743.428571428571,-6255.428571428571,drop,2.0287780342996276,High
2022-07-16,9657,7592.999999999999,2064.000000000001,normal,0.6694022343920946,Low
2022-07-17,8141,8612.42857142857,-471.42857142857065,normal,0.1528950286194565,Low
2022-07-18,6282,8755.857142857141,-2473.8571428571413,normal,0.8023282456373123,Low
2022-07-19,5678,9696.571428571428,-4018.5714285714275,normal,1.3033142894137324,Low
2022-07-20,22644,9536.857142857141,13107.142857142859,spike,4.250945113889442,High
2022-07-21,7401,9457.571428571428,-2056.5714285714275,normal,0.6669929793956662,Low
2022-07-22,8073,9366.714285714286,-1293.7142857142862,normal,0.41958102399327296,Low
2022-07-23,8539,9353.142857142857,-814.1428571428569,normal,0.26404508124311626,Low
2022-07-24,7586,7052.999999999999,533.0000000000009,normal,0.17286404599369518,Low
2022-07-25,5646,7095.857142857141,-1449.8571428571413,normal,0.47022171074511054,Low
2022-07-26,5583,7146.142857142856,-1563.142857142856,normal,0.5069628494406346,Low
2022-07-27,6543,7174.857142857142,-631.8571428571422,normal,0.2049256701769262,Low
2022-07-28,7701,7225.0,476.0,normal,0.15437764707879692,Low
2022-07-29,8425,7237.714285714286,1187.2857142857138,normal,0.3850638129867589,Low
2022-07-30,8740,7321.285714285714,1418.7142857142862,normal,0.4601213724908562,Low
2022-07-31,7937,7306.285714285713,630.7142857142871,normal,0.20455501556209182,Low
2022-08-01,5735,7121.714285714284,-1386.7142857142844,normal,0.4497430432754743,Low
2022-08-02,6168,7166.285714285714,-998.2857142857138,normal,0.32376680605841307,Low
2022-08-03,6438,7305.285714285714,-867.2857142857138,normal,0.28128052083294586,Low
2022-08-04,6409,7280.285714285714,-871.2857142857138,normal,0.28257781198486853,Low
2022-08-05,8737,7253.571428571428,1483.4285714285716,normal,0.4811096900558906,Low
2022-08-06,9713,7200.571428571428,2512.4285714285716,normal,0.8148378388879958,Low
2022-08-07,7762,7083.142857142857,678.8571428571431,normal,0.2201688412120178,Low
2022-08-08,5548,7214.999999999999,-1666.999999999999,normal,0.5406460875637696,Low
2022-08-09,5797,7169.999999999999,-1372.999999999999,normal,0.44529518789745387,Low
2022-08-10,5616,6930.857142857142,-1314.8571428571422,normal,0.42643813436772093,Low
2022-08-11,7332,6954.428571428572,377.57142857142844,normal,0.12245501837612849,Low
2022-08-12,8422,6930.857142857143,1491.1428571428569,normal,0.48361160870602704,Low
2022-08-13,8039,6258.0,1781.0,normal,0.5776188853935659,Low
2022-08-14,7927,6404.142857142858,1522.8571428571422,normal,0.49389727426769947,Low
2022-08-15,5383,6334.857142857143,-951.8571428571431,normal,0.3087089623307396,Low
2022-08-16,1087,6267.285714285714,-5180.285714285714,normal,1.6800847053935575,Medium
2022-08-17,6639,6263.999999999999,375.0000000000009,normal,0.12162104549274998,Low
2022-08-18,6847,6346.571428571428,500.42857142857156,normal,0.1623003894708961,Low
2022-08-19,7949,6388.142857142857,1560.8571428571431,normal,0.506221540210965,Low
2022-08-20,8016,7032.142857142857,983.8571428571431,normal,0.31908729154612087,Low
2022-08-21,8505,6989.857142857141,1515.1428571428587,normal,0.4913953556175636,Low
2022-08-22,5674,6907.42857142857,-1233.4285714285697,normal,0.40002899306072354,Low
2022-08-23,5595,7188.5714285714275,-1593.5714285714275,normal,0.5168315285606179,Low
2022-08-24,6343,7261.428571428571,-918.4285714285706,normal,0.2978673148468141,Low
2022-08-25,6270,7116.857142857143,-846.8571428571431,normal,0.27465506959276964,Low
2022-08-26,9917,7172.714285714285,2744.2857142857147,normal,0.8900343938726559,Low
2022-08-27,8526,7290.285714285715,1235.7142857142853,normal,0.40077030229039406,Low
2022-08-28,7493,7271.142857142857,221.85714285714312,normal,0.07195332710485351,Low
2022-08-29,6065,7281.857142857143,-1216.8571428571431,normal,0.394654501145616,Low
2022-08-30,6418,9770.285714285714,-3352.2857142857138,normal,1.0872226489649004,Low
2022-08-31,6209,9876.42857142857,-3667.4285714285706,normal,1.1894306590056645,Low
2022-09-01,6345,9845.714285714286,-3500.7142857142862,normal,1.1353614170666024,Low
2022-09-02,27336,9809.571428571428,17526.428571428572,spike,5.6842201776297125,High
2022-09-03,9269,9799.714285714284,-530.7142857142844,normal,0.17212273676402437,Low
2022-09-04,7278,9917.42857142857,-2639.4285714285706,normal,0.85602683296154,Low
2022-09-05,5812,10034.42857142857,-4222.428571428571,normal,1.369429806334934,Low
2022-09-06,6349,7438.857142857142,-1089.8571428571422,normal,0.35346550707207114,Low
2022-09-07,7033,7485.571428571428,-452.57142857142844,normal,0.14677922747467842,Low
2022-09-08,7164,7502.714285714286,-338.71428571428623,normal,0.10985276147173711,Low
2022-09-09,9167,7361.285714285715,1805.7142857142853,normal,0.5856342914393736,Low
2022-09-10,9596,7411.0,2185.0,normal,0.7086452917377548,Low
2022-09-11,7398,7309.857142857143,88.14285714285688,normal,0.028586737169152887,Low
2022-09-12,4822,7295.0,-2473.0,normal,0.8020502546761866,Low
2022-09-13,6697,7255.857142857143,-558.8571428571431,normal,0.18125010665433788,Low
2022-09-14,6325,7190.857142857143,-865.8571428571431,normal,0.2808172025644023,Low
2022-09-15,7060,7374.714285714285,-314.7142857142853,normal,0.10206901456020084,Low
2022-09-16,8893,7584.999999999999,1308.000000000001,normal,0.4242142066787112,Low
2022-09-17,9141,7581.714285714285,1559.2857142857147,normal,0.5057118901155669,Low
2022-09-18,8685,7584.571428571428,1100.4285714285716,normal,0.3568940622592956,Low
2022-09-19,6294,7601.571428571428,-1307.5714285714284,normal,0.42407521119814773,Low
2022-09-20,6674,7599.285714285714,-925.2857142857138,normal,0.3000912425358245,Low
2022-09-21,6345,7750.714285714284,-1405.7142857142844,normal,0.45590517624710697,Low
2022-09-22,7179,7621.142857142857,-442.1428571428569,normal,0.14339700411430858,Low
2022-09-23,8877,7587.285714285714,1289.7142857142862,normal,0.4182837328413503,Low
2022-09-24,10201,7649.714285714284,2551.2857142857156,normal,0.8274400957923876,Low
2022-09-25,7778,7679.142857142857,98.85714285714312,normal,0.03206162418323162,Low
2022-09-26,6057,7524.4285714285725,-1467.4285714285725,normal,0.47592052544820024,Low
2022-09-27,7111,7533.714285714286,-422.71428571428623,normal,0.13709587566211304,Low
2022-09-28,6551,7720.142857142857,-1169.1428571428569,normal,0.37917967097625266,Low
2022-09-29,6096,7761.857142857142,-1665.8571428571422,normal,0.5402754329489347,Low
2022-09-30,8942,7752.285714285714,1189.7142857142862,normal,0.38585145404328375,Low
2022-10-01,11506,7726.5714285714275,3779.4285714285725,normal,1.2257548112594996,Low
2022-10-02,8070,7727.571428571428,342.42857142857156,normal,0.11105738896995089,Low
2022-10-03,5990,7805.857142857142,-1815.8571428571422,normal,0.5889238511460345,Low
2022-10-04,6931,7754.857142857143,-823.8571428571431,normal,0.2671956454692143,Low
2022-10-05,6558,7487.142857142857,-929.1428571428569,normal,0.30134220186089283,Low
2022-10-06,6644,7426.142857142857,-782.1428571428569,normal,0.253666752027735,Low
2022-10-07,8585,7409.714285714286,1175.2857142857138,normal,0.38117193953099093,Low
2022-10-08,9632,7379.4285714285725,2252.5714285714275,normal,0.7305602458398767,Low
2022-10-09,7643,7510.571428571429,132.42857142857065,normal,0.04294960349401078,Low
2022-10-10,5875,7651.000000000001,-1776.000000000001,normal,0.5759972714536628,Low
2022-10-11,6719,7749.285714285714,-1030.2857142857138,normal,0.3341451352737944,Low
2022-10-12,7476,7687.285714285714,-211.28571428571377,normal,0.06852477191762908,Low
2022-10-13,7627,7808.5714285714275,-181.57142857142753,normal,0.0588877519319177,Low
2022-10-14,9273,7937.999999999999,1335.000000000001,normal,0.4329709219541892,Low
2022-10-15,9198,7805.714285714284,1392.2857142857156,normal,0.451549984522796,Low
2022-10-16,8492,7754.42857142857,737.5714285714303,normal,0.23921122204916878,Low
2022-10-17,6781,7803.857142857141,-1022.8571428571413,normal,0.3317358802773662,Low
2022-10-18,5793,7906.0,-2113.0,normal,0.6852940510031469,Low
2022-10-19,7117,7880.428571428572,-763.4285714285716,normal,0.2475972827098112,Low
2022-10-20,7973,7865.571428571429,107.42857142857065,normal,0.03484153379449413,Low
2022-10-21,9988,7768.571428571428,2219.4285714285716,normal,0.7198112620096606,Low
2022-10-22,9019,7922.142857142856,1096.857142857144,normal,0.3557357665879364,Low
2022-10-23,8388,7992.285714285715,395.7142857142853,normal,0.1283391603866348,Low
2022-10-24,6102,7916.285714285714,-1814.2857142857138,normal,0.5884142010506364,Low
2022-10-25,6868,7921.571428571428,-1053.5714285714284,normal,0.3416972230510586,Low
2022-10-26,7608,8241.714285714286,-633.7142857142862,normal,0.20552798392603353,Low
2022-10-27,7441,8075.5714285714275,-634.5714285714275,normal,0.20580597488715932,Low
2022-10-28,10025,8172.999999999999,1852.000000000001,normal,0.6006458033401934,Low
2022-10-29,11260,8174.142857142857,3085.857142857143,normal,1.0008137918814803,Low
2022-10-30,7225,8154.714285714285,-929.7142857142853,normal,0.3015275291683103,Low
2022-10-31,6784,8111.285714285714,-1327.2857142857138,normal,0.43046900330405213,Low
2022-11-01,6876,8000.714285714285,-1124.7142857142853,normal,0.36477047282454017,Low
2022-11-02,7472,7836.0,-364.0,normal,0.11805349482496236,Low
2022-11-03,7137,7910.0,-773.0,normal,0.2507015151090547,Low
2022-11-04,9251,7880.714285714285,1370.2857142857147,normal,0.44441488318722105,Low
2022-11-05,10107,7817.0,2290.0,normal,0.7426991844757247,Low
2022-11-06,7743,7611.857142857143,131.14285714285688,normal,0.04253261705232152,Low
2022-11-07,6579,7448.428571428571,-869.4285714285706,normal,0.2819754982357615,Low
2022-11-08,6430,7434.571428571428,-1004.5714285714284,normal,0.32580540644000594,Low
2022-11-09,6036,7451.857142857142,-1415.8571428571422,normal,0.4591947359537682,Low
2022-11-10,5993,7663.42857142857,-1670.4285714285697,normal,0.5417580514082745,Low
2022-11-11,9154,7695.714285714284,1458.2857142857156,normal,0.47295528852951996,Low
2022-11-12,10228,7652.857142857141,2575.1428571428587,normal,0.8351775108770694,Low
2022-11-13,9224,7802.142857142856,1421.857142857144,normal,0.4611406726816528,Low
2022-11-14,6805,8071.714285714284,-1266.7142857142844,normal,0.4108243087177944,Low
2022-11-15,6130,8116.999999999999,-1986.999999999999,normal,0.6444293797175827,Low
2022-11-16,7081,8153.999999999999,-1072.999999999999,normal,0.34799835150325414,Low
2022-11-17,7880,8070.5714285714275,-190.57142857142753,normal,0.06180665702374369,Low
2022-11-18,9471,8041.142857142856,1429.857142857144,normal,0.4637352549854981,Low
2022-11-19,10487,8148.857142857143,2338.142857142857,normal,0.758313010125651,Low
2022-11-20,8640,8271.285714285714,368.71428571428623,normal,0.11958244511115709,Low
2022-11-21,6599,8143.428571428572,-1544.4285714285716,normal,0.5008933801227112,Low
2022-11-22,6884,8055.857142857143,-1171.8571428571431,normal,0.38005997568648603,Low
2022-11-23,7938,8091.142857142858,-153.1428571428578,normal,0.049667718387896465,Low
2022-11-24,6985,7975.857142857142,-990.8571428571422,normal,0.3213575510619852,Low
2022-11-25,8858,7936.0,922.0,normal,0.2990256105181739,Low
2022-11-26,10734,7899.428571428572,2834.5714285714284,normal,0.9193161084446244,Low
2022-11-27,7833,7907.714285714286,-74.71428571428623,normal,0.024231545444841344,Low
2022-11-28,6320,8083.714285714286,-1763.7142857142862,normal,0.5720127343441859,Low
2022-11-29,6628,8247.0,-1619.0,normal,0.525078593740698,Low
2022-11-30,7996,7925.0,71.0,normal,0.023026917946627274,Low
2022-12-01,8217,8017.571428571428,199.42857142857156,normal,0.06467923028871568,Low
2022-12-02,10001,8014.0,1987.0,normal,0.644429379717583,Low
2022-12-03,8480,8025.285714285714,454.71428571428623,normal,0.14747420487749435,Low
2022-12-04,8481,8009.714285714285,471.2857142857147,normal,0.1528486967926025,Low
2022-12-05,6295,7910.999999999999,-1615.999999999999,normal,0.5241056253767556,Low
2022-12-06,6707,7791.428571428571,-1084.4285714285706,normal,0.3517048976516046,Low
2022-12-07,7887,8266.142857142857,-379.1428571428569,normal,0.12296466847152664,Low
2022-12-08,7526,8274.42857142857,-748.4285714285706,normal,0.24273244089010093,Low
2022-12-09,9164,8390.142857142857,773.8571428571431,normal,0.25097950607018105,Low
2022-12-10,11803,8337.42857142857,3465.5714285714294,normal,1.123963787660425,Low
2022-12-11,8539,8289.285714285714,249.71428571428623,normal,0.08098803334145786,Low
2022-12-12,7105,8365.0,-1260.0,normal,0.4086467128556389,Low
2022-12-13,6338,8424.285714285714,-2086.2857142857138,normal,0.6766299993813775,Low
2022-12-14,7550,8191.4285714285725,-641.4285714285725,normal,0.20802990257617027,Low
2022-12-15,8056,8028.4285714285725,27.571428571427532,normal,0.008942042582895163,Low
2022-12-16,9579,8001.999999999999,1577.000000000001,normal,0.5114570366455103,Low
2022-12-17,10173,8068.142857142857,2104.857142857143,normal,0.6826531368724472,Low
2022-12-18,7398,8107.428571428572,-709.4285714285716,normal,0.23008385215885524,Low
2022-12-19,6920,8012.428571428572,-1092.4285714285716,normal,0.35429947995545025,Low
2022-12-20,6801,7964.571428571428,-1163.5714285714284,normal,0.3773727297289318,Low
2022-12-21,7825,8244.857142857143,-419.8571428571431,normal,0.13616923912502535,Low
2022-12-22,7391,8353.0,-962.0,normal,0.3119985220374005,Low
2022-12-23,9244,8327.714285714286,916.2857142857138,normal,0.29717233744399846,Low
2022-12-24,12135,8513.42857142857,3621.5714285714294,normal,1.1745581425854088,Low
2022-12-25,8155,8399.571428571428,-244.57142857142753,normal,0.07932008757469965,Low
2022-12-26,6743,8484.999999999998,-1741.9999999999982,normal,0.5649702966623192,Low
2022-12-27,8101,8499.571428571428,-398.57142857142753,normal,0.12926579692372217,Low
2022-12-28,7028,8230.42857142857,-1202.4285714285706,normal,0.3899749866333232,Low
2022-12-29,7989,8325.428571428572,-336.42857142857247,normal,0.1091114522420672,Low
2022-12-30,9346,8227.0,1119.0,normal,0.36291719975036507,Low
2022-12-31,10251,8127.285714285715,2123.7142857142853,normal,0.6887689380172253,Low
2023-01-01,8820,8199.285714285714,620.7142857142862,normal,0.2013117876822849,Low
2023-01-02,6054,8167.142857142857,-2113.142857142857,normal,0.6853403828300012,Low
2023-01-03,7403,8419.571428571428,-1016.5714285714275,normal,0.32969727989577363,Low
2023-01-04,7532,8754.857142857141,-1222.8571428571413,normal,0.3966004378734994,Low
2023-01-05,7764,8828.0,-1064.0,normal,0.34507944641142846,Low
2023-01-06,11113,8986.857142857141,2126.1428571428587,normal,0.6895565790737505,Low
2023-01-07,12598,8984.714285714284,3613.2857142857156,normal,1.1718708966278548,Low
2023-01-08,9332,8898.999999999998,433.0000000000018,normal,0.1404317671956289,Low
2023-01-09,7166,8950.999999999998,-1784.9999999999982,normal,0.5789161765454879,Low
2023-01-10,7388,8925.857142857141,-1537.8571428571413,normal,0.49876211608740917,Low
2023-01-11,6932,8807.142857142855,-1875.142857142855,normal,0.6081515592906022,Low
2023-01-12,8128,8594.0,-466.0,normal,0.15113441919899026,Low
2023-01-13,10937,11358.714285714284,-421.7142857142844,normal,0.13677155287413179,Low
2023-01-14,11767,11292.0,475.0,normal,0.15405332429081625,Low
2023-01-15,7840,11319.428571428572,-3479.4285714285725,normal,1.1284579748652999,Low
2023-01-16,26519,11356.000000000002,15162.999999999998,spike,4.917706434150835,High
2023-01-17,6921,11339.142857142855,-4418.142857142855,normal,1.4329044091254353,Low
2023-01-18,7124,11221.285714285712,-4097.285714285712,normal,1.3288431260104958,Low
2023-01-19,8384,11207.142857142855,-2823.142857142855,normal,0.9156095622962733,Low
2023-01-20,10819,8475.714285714286,2343.2857142857138,normal,0.7599809558924087,Low
2023-01-21,10942,8518.571428571428,2423.4285714285725,normal,0.7859731107577168,Low
2023-01-22,7741,8596.714285714284,-855.7142857142844,normal,0.2775276428577408,Low
2023-01-23,7399,8536.857142857143,-1137.8571428571431,normal,0.3690330008951434,Low
2023-01-24,7221,8681.142857142857,-1460.1428571428569,normal,0.47355760227862637,Low
2023-01-25,7671,8652.42857142857,-981.4285714285706,normal,0.3182996504895961,Low
2023-01-26,7965,8770.571428571428,-805.5714285714275,normal,0.26126517163185314,Low
2023-01-27,11829,8730.0,3099.0,normal,1.0050763199520834,Low
2023-01-28,10741,8784.857142857143,1956.1428571428569,normal,0.6344217051170367,Low
2023-01-29,8568,8870.0,-302.0,normal,0.09794548197016108,Low
2023-01-30,7115,8841.142857142857,-1726.1428571428569,normal,0.5598274638814835,Low
2023-01-31,7605,8560.142857142857,-955.1428571428569,normal,0.30977459434839016,Low
2023-02-01,8267,8605.857142857143,-338.8571428571431,normal,0.10989909329859142,Low
2023-02-02,7763,8694.142857142857,-931.1428571428569,normal,0.30199084743685417,Low
2023-02-03,9862,8640.142857142857,1221.8571428571431,normal,0.39627611508551935,Low
2023-02-04,11061,8589.285714285714,2471.7142857142862,normal,0.8016332682344973,Low
2023-02-05,9186,8570.142857142857,615.8571428571431,normal,0.19973650556923586,Low
2023-02-06,6737,8570.285714285714,-1833.2857142857138,normal,0.5945763340222691,Low
2023-02-07,7249,8694.428571428572,-1445.4285714285725,normal,0.4687854241126256,Low
2023-02-08,8133,8692.142857142857,-559.1428571428569,normal,0.1813427703080465,Low
2023-02-09,7764,8686.714285714286,-922.7142857142862,normal,0.299257269652446,Low
2023-02-10,10731,8665.714285714284,2065.2857142857156,normal,0.6698192208337841,Low
2023-02-11,11045,8699.57142857143,2345.4285714285706,normal,0.7606759332952242,Low
2023-02-12,9148,8724.57142857143,423.42857142857065,normal,0.13732753479638454,Low
2023-02-13,6590,8709.0,-2119.0,normal,0.6872399877310309,Low
2023-02-14,7486,8587.142857142857,-1101.1428571428569,normal,0.35712572139356735,Low
2023-02-15,8308,8824.42857142857,-516.4285714285706,normal,0.16748955407858646,Low
2023-02-16,7655,8838.857142857141,-1183.8571428571413,normal,0.38395184914225344,Low
2023-02-17,9878,8867.714285714284,1010.2857142857156,normal,0.32765867951418165,Low
2023-02-18,12706,8836.142857142857,3869.857142857143,normal,1.2550828576583224,Low
2023-02-19,9249,8772.0,477.0,normal,0.1547019698667776,Low
2023-02-20,6792,8845.285714285714,-2053.2857142857138,normal,0.6659273473780155,Low
2023-02-21,7265,12520.714285714286,-5255.714285714286,normal,1.704547909972671,Medium
2023-02-22,7859,12219.285714285714,-4360.285714285714,normal,1.4141400192494116,Low
2023-02-23,8168,12272.0,-4104.0,normal,1.3310207218726524,Low
2023-02-24,35606,12306.428571428572,23299.571428571428,spike,7.5565819644689505,High
2023-02-25,10596,12430.142857142859,-1834.1428571428587,normal,0.594854324983396,Low
2023-02-26,9618,12571.142857142859,-2953.1428571428587,normal,0.957771524733761,Low
2023-02-27,7033,11685.714285714284,-4652.714285714284,normal,1.5089812688203288,Medium
2023-02-28,8131,8173.571428571428,-42.57142857142844,normal,0.013806884402605446,Low
2023-03-01,8846,8195.0,651.0,normal,0.21113413497541345,Low
2023-03-02,1970,8133.142857142857,-6163.142857142857,drop,1.9988476741516978,Medium
2023-03-03,11021,8137.857142857142,2883.142857142858,normal,0.9350689295751141,Low
2023-03-04,10746,8116.142857142857,2629.857142857143,normal,0.8529226005622969,Low
2023-03-05,9185,7961.428571428572,1223.5714285714284,normal,0.3968320970077718,Low
2023-03-06,7066,8886.42857142857,-1820.4285714285706,normal,0.5904064696053747,Low
2023-03-07,7979,8642.857142857143,-663.8571428571431,normal,0.21530399939230782,Low
2023-03-08,7763,8949.0,-1186.0,normal,0.38464682654506965,Low
2023-03-09,8445,8879.428571428572,-434.42857142857247,normal,0.14089508546417245,Low
2023-03-10,9316,8916.57142857143,399.42857142857065,normal,0.12954378788484855,Low
2023-03-11,12889,8880.428571428572,4008.5714285714275,normal,1.3000710615339257,Low
2023-03-12,8698,8821.142857142857,-123.14285714285688,normal,0.039938034748476195,Low
2023-03-13,7326,8804.285714285714,-1478.2857142857138,normal,0.47944174428913267,Low
2023-03-14,7726,9003.714285714284,-1277.7142857142844,normal,0.4143918593855817,Low
2023-03-15,7348,8801.142857142857,-1453.1428571428569,normal,0.47128734276276174,Low
2023-03-16,8327,8889.142857142855,-562.1428571428551,normal,0.1823157386719879,Low
2023-03-17,10712,8790.857142857141,1921.1428571428587,normal,0.6230704075377139,Low
2023-03-18,11471,8666.142857142857,2804.857142857143,normal,0.9096790884589133,Low
2023-03-19,9314,8767.714285714284,546.2857142857156,normal,0.17717290589115273,Low
2023-03-20,6638,8852.142857142857,-2214.142857142857,normal,0.7180969844160484,Low
2023-03-21,6853,8876.999999999998,-2023.9999999999982,normal,0.656429322872867,Low
2023-03-22,8059,8848.42857142857,-789.4285714285706,normal,0.25602967519730824,Low
2023-03-23,8918,8854.714285714284,63.285714285715585,normal,0.02052499929649113,Low
2023-03-24,10886,8918.714285714286,1967.2857142857138,normal,0.6380355876116782,Low
2023-03-25,11271,9043.285714285714,2227.7142857142862,normal,0.7224985079672148,Low
2023-03-26,9358,9172.142857142857,185.85714285714312,normal,0.06027770673754954,Low
2023-03-27,7086,9055.571428571428,-1969.5714285714275,normal,0.6387768968413482,Low
2023-03-28,7725,8978.285714285714,-1253.2857142857138,normal,0.40646911699348287,Low
2023-03-29,8961,8978.571428571428,-17.571428571427532,normal,0.005698814703088505,Low
2023-03-30,8102,8809.0,-707.0,normal,0.22929621110233073,Low
2023-03-31,10345,8840.0,1505.0,normal,0.4881057959109021,Low
2023-04-01,11273,8890.857142857141,2382.1428571428587,normal,0.7725832127968009,Low
2023-04-02,8171,8805.714285714286,-634.7142857142862,normal,0.2058523067140142,Low
2023-04-03,7303,8752.999999999998,-1449.9999999999982,normal,0.47026804257196486,Low
2023-04-04,8081,8941.714285714284,-860.7142857142844,normal,0.2791492567976441,Low
2023-04-05,8365,9050.285714285714,-685.2857142857138,normal,0.22225377342046468,Low
2023-04-06,7733,9303.857142857141,-1570.8571428571413,normal,0.5094647680907711,Low
2023-04-07,11666,9422.571428571428,2243.4285714285725,normal,0.7275950089211969,Low
2023-04-08,12033,9418.571428571428,2614.4285714285725,normal,0.847918763262024,Low
2023-04-09,9946,9573.999999999998,372.0000000000018,normal,0.12064807712880828,Low
2023-04-10,8134,9542.857142857141,-1408.8571428571413,normal,0.45692447643790324,Low
2023-04-11,8053,9340.428571428572,-1287.4285714285725,normal,0.41754242361168037,Low
2023-04-12,9453,9324.57142857143,128.42857142857065,normal,0.04165231234208811,Low
2023-04-13,7515,9268.857142857143,-1753.8571428571431,normal,0.5688158382912335,Low
2023-04-14,10249,9250.857142857141,998.1428571428587,normal,0.32372047423155936,Low
2023-04-15,11922,9178.142857142857,2743.857142857143,normal,0.8898953983920928,Low
2023-04-16,9556,8888.714285714284,667.2857142857156,normal,0.21641596323681328,Low
2023-04-17,8008,9077.285714285714,-1069.2857142857138,normal,0.3467937240050403,Low
2023-04-18,7544,13514.714285714284,-5970.714285714284,normal,1.9364387033788464,Medium
2023-04-19,7427,13438.857142857141,-6011.857142857141,normal,1.9497822695129081,Medium
2023-04-20,8835,13527.999999999998,-4692.999999999998,normal,1.5220468439932642,Medium
2023-04-21,41311,13475.571428571428,27835.428571428572,spike,9.027663798922397,High
2023-04-22,11391,13623.999999999998,-2232.999999999998,normal,0.7242127855608261,Low
2023-04-23,10180,13748.714285714284,-3568.7142857142844,normal,1.1574153666492872,Low
2023-04-24,7641,13705.714285714286,-6064.714285714286,normal,1.9669250454490297,Medium
2023-04-25,8583,9321.999999999998,-738.9999999999982,normal,0.23967454031771146,Low
2023-04-26,8300,9346.714285714284,-1046.7142857142844,normal,0.33947329536204796,Low
2023-04-27,8534,9299.571428571428,-765.5714285714275,normal,0.24829226011262653,Low
2023-04-28,10625,9296.714285714286,1328.2857142857138,normal,0.4307933260920328,Low
2023-04-29,11564,9288.999999999998,2275.000000000002,normal,0.7378343426560153,Low
2023-04-30,9850,9257.42857142857,592.5714285714294,normal,0.19218441779197193,Low
2023-05-01,7621,9290.571428571428,-1669.5714285714275,normal,0.5414800604471485,Low
2023-05-02,8529,9470.714285714284,-941.7142857142844,normal,0.305419402624078,Low
2023-05-03,8079,9497.142857142855,-1418.142857142855,normal,0.45993604518343784,Low
2023-05-04,8766,9535.571428571428,-769.5714285714275,normal,0.2495895512645492,Low
2023-05-05,11886,9571.142857142857,2314.857142857143,normal,0.7507609223483871,Low
2023-05-06,11749,9496.0,2253.0,normal,0.7306992413204401,Low
2023-05-07,10119,9469.714285714284,649.2857142857156,normal,0.2105781530531613,Low
2023-05-08,7870,9519.0,-1649.0,normal,0.5348082773801179,Low
2023-05-09,8003,9415.0,-1412.0,normal,0.4579437766287001,Low
2023-05-10,7895,9523.0,-1628.0,normal,0.527997498832524,Low
2023-05-11,9111,9577.857142857143,-466.8571428571431,normal,0.15141241016011664,Low
2023-05-12,11158,9472.285714285714,1685.7142857142862,normal,0.5467155568816939,Low
2023-05-13,12505,9457.42857142857,3047.5714285714294,normal,0.9883968622845065,Low
2023-05-14,10503,9528.42857142857,974.5714285714294,normal,0.31607572280058627,Low
2023-05-15,7131,9565.0,-2434.0,normal,0.7894016659449407,Low
2023-05-16,7899,9643.142857142857,-1744.1428571428569,normal,0.5656652740651354,Low
2023-05-17,8392,9648.42857142857,-1256.4285714285706,normal,0.40748841718427914,Low
2023-05-18,9367,9631.857142857141,-264.8571428571413,normal,0.08589920698802156,Low
2023-05-19,11705,9612.0,2093.0,normal,0.6788075952435335,Low
2023-05-20,12542,9686.571428571428,2855.4285714285725,normal,0.9260805551653644,Low
2023-05-21,10387,9733.0,654.0,normal,0.21210710333935545,Low
2023-05-22,6992,9715.0,-2723.0,normal,0.883130951671353,Low
2023-05-23,8421,9675.57142857143,-1254.5714285714294,normal,0.40688610343517273,Low
2023-05-24,8717,9595.571428571428,-878.5714285714275,normal,0.2849407351544418,Low
2023-05-25,9241,11920.285714285714,-2679.2857142857138,normal,0.8689534126539123,Low
2023-05-26,11429,12054.857142857141,-625.8571428571413,normal,0.2029797334490419,Low
2023-05-27,11982,11975.285714285712,6.714285714288053,normal,0.0021775958621566577,Low
2023-05-28,26660,11980.142857142855,14679.857142857145,spike,4.761012195729321,High
2023-05-29,7934,12050.571428571428,-4116.5714285714275,normal,1.3350979226358377,Low
2023-05-30,7864,12094.571428571428,-4230.5714285714275,normal,1.3720707204656335,Low
2023-05-31,8751,12013.428571428572,-3262.4285714285725,normal,1.0580799298734953,Low
2023-06-01,9734,9613.999999999998,120.00000000000182,normal,0.03891873455768049,Low
2023-06-02,11737,9595.571428571428,2141.4285714285725,normal,0.694514084547169,Low
2023-06-03,11414,9642.428571428569,1771.5714285714312,normal,0.5745609848211776,Low
2023-06-04,9864,9702.0,162.0,normal,0.05254029165286786,Low
2023-06-05,7805,9580.857142857141,-1775.8571428571413,normal,0.5759509396268077,Low
2023-06-06,8192,9530.142857142857,-1338.1428571428569,normal,0.43399022214498517,Low
2023-06-07,9168,9646.0,-478.0,normal,0.15502629265475826,Low
2023-06-08,8886,9581.285714285714,-695.2857142857138,normal,0.22549700130027134,Low
2023-06-09,11382,9583.0,1799.0,normal,0.5834566955772178,Low
2023-06-10,12225,9715.142857142857,2509.857142857143,normal,0.8140038660046169,Low
2023-06-11,9411,9695.857142857141,-284.8571428571413,normal,0.09238566274763488,Low
2023-06-12,7817,9711.571428571428,-1894.5714285714275,normal,0.6144526877427983,Low
2023-06-13,9117,9898.285714285714,-781.2857142857138,normal,0.2533887610666086,Low
2023-06-14,9033,8463.42857142857,569.5714285714294,normal,0.18472499366841663,Low
2023-06-15,8996,8638.857142857141,357.1428571428587,normal,0.11582956713595259,Low
2023-06-16,12689,8649.0,4040.0,normal,1.3102640634418898,Low
2023-06-17,2181,8541.857142857141,-6360.857142857141,drop,2.0629709225181605,High
2023-06-18,10639,8405.285714285714,2233.7142857142862,normal,0.7244444446950988,Low
2023-06-19,7888,8320.42857142857,-432.42857142857065,normal,0.14024643988821053,Low
2023-06-20,8367,6836.5714285714275,1530.4285714285725,normal,0.4963528610909822,Low
2023-06-21,8077,8391.285714285714,-314.28571428571377,normal,0.10193001907963765,Low
2023-06-22,8402,8334.714285714284,67.28571428571558,normal,0.021822290448413793,Low
2023-06-23,2302,8331.142857142855,-6029.142857142855,normal,1.955388420562288,Medium
2023-06-24,13064,8397.571428571428,4666.4285714285725,normal,1.5134291241983502,Medium
2023-06-25,10243,8436.714285714286,1806.2857142857138,normal,0.5858196187467911,Low
2023-06-26,7863,8647.285714285714,-784.2857142857138,normal,0.2543617294305506,Low
2023-06-27,8832,9834.857142857141,-1002.8571428571413,normal,0.3252494245177529,Low
2023-06-28,8351,9849.285714285714,-1498.2857142857138,normal,0.485928200048746,Low
2023-06-29,9876,9832.285714285714,43.714285714286234,normal,0.014177539017440703,Low
2023-06-30,10615,9900.285714285714,714.7142857142862,normal,0.23179812975246747,Low
2023-07-01,13165,9780.714285714284,3384.2857142857156,normal,1.0976009781802822,Low
2023-07-02,10124,9889.42857142857,234.57142857142935,normal,0.07607685969489358,Low
2023-07-03,8339,9805.714285714284,-1466.7142857142844,normal,0.4756888663139276,Low
2023-07-04,7995,9840.571428571428,-1845.5714285714275,normal,0.5985608711317456,Low
2023-07-05,9112,9834.999999999998,-722.9999999999982,normal,0.2344853757100208,Low
2023-07-06,9290,9783.857142857141,-493.8571428571413,normal,0.16016912543559403,Low
2023-07-07,10859,9705.142857142855,1153.857142857145,normal,0.37422216550283466,Low
2023-07-08,13126,9710.142857142857,3415.857142857143,normal,1.1078403119151001,Low
2023-07-09,9766,9614.142857142857,151.85714285714312,normal,0.04925073194620691,Low
2023-07-10,7788,9637.285714285714,-1849.2857142857138,normal,0.5997654986299596,Low
2023-07-11,8030,9772.42857142857,-1742.4285714285706,normal,0.5651092921428827,Low
2023-07-12,8440,9733.142857142855,-1293.142857142855,normal,0.41939569668585464,Low
2023-07-13,9452,9849.142857142855,-397.14285714285506,normal,0.12880247865517805,Low
2023-07-14,11805,9983.285714285714,1821.7142857142862,normal,0.5908234560470645,Low
2023-07-15,12851,10170.714285714286,2680.2857142857138,normal,0.869277735441893,Low
2023-07-16,10578,10434.142857142855,143.85714285714494,normal,0.04665614964236217,Low
2023-07-17,8727,10434.428571428569,-1707.4285714285688,normal,0.5537579945635589,Low
2023-07-18,9342,10350.142857142857,-1008.1428571428569,normal,0.32696370211136544,Low
2023-07-19,10284,10442.285714285714,-158.28571428571377,normal,0.05133566415465379,Low
2023-07-20,9454,10313.714285714283,-859.7142857142826,normal,0.27882493400966285,Low
2023-07-21,11215,10214.0,1001.0,normal,0.3246471107686465,Low
2023-07-22,13496,10101.285714285714,3394.7142857142862,normal,1.1009832015406518,Low
2023-07-23,9678,9997.285714285714,-319.28571428571377,normal,0.10355163301954098,Low
2023-07-24,8029,10106.285714285714,-2077.2857142857138,normal,0.6737110942895514,Low
2023-07-25,8553,10202.0,-1649.0,normal,0.5348082773801179,Low
2023-07-26,9556,10111.714285714286,-555.7142857142862,normal,0.18023080646354162,Low
2023-07-27,10217,10284.571428571428,-67.57142857142753,normal,0.021914954102121798,Low
2023-07-28,11885,10346.285714285714,1538.7142857142862,normal,0.49904010704853613,Low
2023-07-29,12864,10391.142857142857,2472.857142857143,normal,0.8020039228493323,Low
2023-07-30,10888,10325.571428571428,562.4285714285725,normal,0.18240840232569766,Low
2023-07-31,8461,10136.0,-1675.0,normal,0.5432406698676152,Low
2023-08-01,8867,10046.857142857141,-1179.8571428571413,normal,0.38265455799033077,Low
2023-08-02,9097,10121.142857142857,-1024.1428571428569,normal,0.3321528667190561,Low
2023-08-03,8890,10182.714285714286,-1292.7142857142862,normal,0.4192567012052923,Low
2023-08-04,11261,9397.142857142857,1863.8571428571431,normal,0.6044913449691068,Low
2023-08-05,13384,9389.285714285714,3994.7142857142862,normal,1.2955768743290514,Low
2023-08-06,11319,9309.42857142857,2009.5714285714294,normal,0.6517498083605754,Low
2023-08-07,2962,9489.285714285714,-6527.285714285714,drop,2.1169475008035143,High
2023-08-08,8812,9603.714285714286,-791.7142857142862,normal,0.2567709844269787,Low
2023-08-09,8538,9627.714285714286,-1089.7142857142862,normal,0.35341917524521715,Low
2023-08-10,10149,9454.0,695.0,normal,0.22540433764656276,Low
2023-08-11,12062,10182.714285714286,1879.2857142857138,normal,0.6094951822693797,Low
2023-08-12,13552,10208.428571428572,3343.5714285714275,normal,1.0843964075267831,Low
2023-08-13,10103,10334.428571428572,-231.42857142857247,normal,0.07505755950409729,Low
2023-08-14,8063,10362.285714285714,-2299.2857142857138,normal,0.7457107532212593,Low
2023-08-15,8992,10323.285714285714,-1331.2857142857138,normal,0.4317662944559748,Low
2023-08-16,9420,10154.142857142857,-734.1428571428569,normal,0.23809925820466302,Low
2023-08-17,10344,10221.714285714284,122.28571428571558,normal,0.03966004378735041,Low
2023-08-18,11789,10311.142857142855,1477.857142857145,normal,0.4793027488085704,Low
2023-08-19,12368,10347.42857142857,2020.5714285714294,normal,0.6553173590283627,Low
2023-08-20,10576,10428.571428571428,147.42857142857247,normal,0.04781444531372136,Low
2023-08-21,8689,10345.285714285714,-1656.2857142857138,normal,0.5371712005496911,Low
2023-08-22,9246,10547.42857142857,-1301.4285714285706,normal,0.4220829426434091,Low
2023-08-23,9988,10616.428571428572,-628.4285714285725,normal,0.2038137063324216,Low
2023-08-24,9761,10633.714285714286,-872.7142857142862,normal,0.28304113025341265,Low
2023-08-25,13204,10535.857142857141,2668.1428571428587,normal,0.8653395301592713,Low
2023-08-26,12851,9620.285714285712,3230.714285714288,normal,1.0477942643118232,Low
2023-08-27,10697,9390.42857142857,1306.5714285714294,normal,0.42375088841016734,Low
2023-08-28,8004,9283.857142857143,-1279.8571428571431,normal,0.415086836788398,Low
2023-08-29,2837,9038.428571428572,-6201.4285714285725,drop,2.011264603748672,High
2023-08-30,8379,9079.0,-700.0,normal,0.22702595158646607,Low
2023-08-31,9015,7809.714285714285,1205.2857142857147,normal,0.3909016231704112,Low
2023-09-01,11486,7909.428571428572,3576.5714285714284,normal,1.1599636171262784,Low
2023-09-02,13135,8676.714285714286,4458.285714285714,normal,1.4459236524715169,Low
2023-09-03,1812,8832.42857142857,-7020.428571428571,drop,2.276884967104837,High
2023-09-04,8702,8769.142857142855,-67.14285714285506,normal,0.021775958621558317,Low
2023-09-05,8208,8664.714285714284,-456.7142857142844,normal,0.1481228504534551,Low
2023-09-06,9469,8698.142857142857,770.8571428571431,normal,0.25000653770623904,Low
2023-09-07,8572,10057.571428571428,-1485.5714285714275,normal,0.4818046674587059,Low
2023-09-08,10755,10072.0,683.0,normal,0.22151246419079476,Low
2023-09-09,13369,10158.285714285712,3210.714285714288,normal,1.0413078085522098,Low
2023-09-10,11328,10176.285714285714,1151.7142857142862,normal,0.37352718810001845,Low
2023-09-11,8803,10196.857142857141,-1393.8571428571413,normal,0.45205963461819326,Low
2023-09-12,8812,10633.571428571428,-1821.5714285714275,normal,0.5907771242202097,Low
2023-09-13,9595,10665.571428571428,-1070.5714285714275,normal,0.34721071044672963,Low
2023-09-14,8716,10717.571428571428,-2001.5714285714275,normal,0.6491552260567295,Low
2023-09-15,13812,10722.999999999998,3089.000000000002,normal,1.0018330920722773,Low
2023-09-16,13593,10722.857142857143,2870.142857142857,normal,0.9308527333313652,Low
2023-09-17,11692,10708.285714285714,983.7142857142862,normal,0.31904095971926655,Low
2023-09-18,8841,10932.857142857143,-2091.857142857143,normal,0.6784369406286986,Low
2023-09-19,8811,10631.42857142857,-1820.4285714285706,normal,0.5904064696053747,Low
2023-09-20,9493,10514.285714285714,-1021.2857142857138,normal,0.3312262301819684,Low
2023-09-21,10288,10583.857142857141,-295.8571428571413,normal,0.09595321341542219,Low
2023-09-22,11702,10643.857142857141,1058.1428571428587,normal,0.3431798415103993,Low
2023-09-23,12773,10584.714285714286,2188.2857142857138,normal,0.7097109237554055,Low
2023-09-24,12179,10613.142857142855,1565.857142857145,normal,0.507843154150869,Low
2023-09-25,9261,10597.42857142857,-1336.4285714285706,normal,0.4334342402227324,Low
2023-09-26,8397,10630.714285714286,-2233.7142857142862,normal,0.7244444446950988,Low
2023-09-27,9692,10757.857142857143,-1065.8571428571431,normal,0.3456817601605355,Low
2023-09-28,10178,10612.714285714286,-434.71428571428623,normal,0.14098774911788103,Low
2023-09-29,11935,10507.857142857143,1427.1428571428569,normal,0.4628549502752644,Low
2023-09-30,13663,10520.285714285714,3142.7142857142862,normal,1.0192538589695241,Low
2023-10-01,11163,10583.0,580.0,normal,0.1881072170287862,Low
2023-10-02,8527,10573.857142857143,-2046.8571428571431,normal,0.6638424151695687,Low
2023-10-03,8484,10601.142857142857,-2117.142857142857,normal,0.6866376739819239,Low
2023-10-04,10131,10701.571428571428,-570.5714285714275,normal,0.1850493164563967,Low
2023-10-05,10114,10699.857142857141,-585.8571428571413,normal,0.19000682192981527,Low
2023-10-06,12126,10639.285714285714,1486.7142857142862,normal,0.48217532207354147,Low
2023-10-07,14366,14052.142857142855,313.85714285714494,normal,0.10179102359907537,Low
2023-10-08,11151,13887.999999999998,-2736.999999999998,normal,0.8876714707030817,Low
2023-10-09,8103,13800.714285714286,-5697.714285714286,normal,1.8478985822601253,Medium
2023-10-10,32374,13943.285714285716,18430.714285714283,spike,5.977500641617942,High
2023-10-11,8982,13870.428571428569,-4888.428571428569,normal,1.5854287831300569,Medium
2023-10-12,9503,13798.285714285712,-4295.285714285712,normal,1.3930590380306678,Low
2023-10-13,13124,13740.999999999998,-616.9999999999982,normal,0.2001071601840702,Low
2023-10-14,13856,10490.571428571426,3365.4285714285743,normal,1.0914851770355045,Low
2023-10-15,10646,10529.571428571426,116.42857142857429,normal,0.0377604388863213,Low
2023-10-16,7702,10709.142857142857,-3007.142857142857,normal,0.9752849552847164,Low
2023-10-17,9621,10593.142857142857,-972.1428571428569,normal,0.3152880817440615,Low
2023-10-18,9255,10441.285714285714,-1186.2857142857138,normal,0.38473949019877823,Low
2023-10-19,10760,10461.142857142855,298.85714285714494,normal,0.09692618177936538,Low
2023-10-20,12312,10574.857142857141,1737.1428571428587,normal,0.5633950145492714,Low
2023-10-21,12793,10678.0,2115.0,normal,0.6859426965791082,Low
2023-10-22,10785,10732.285714285712,52.71428571428805,normal,0.017096444109267285,Low
2023-10-23,8498,10709.285714285714,-2211.2857142857138,normal,0.7171703478789607,Low
2023-10-24,10343,10784.42857142857,-441.42857142857065,normal,0.14316534498003652,Low
2023-10-25,9635,10934.999999999998,-1299.9999999999982,normal,0.421619624374865,Low
2023-10-26,10599,11224.285714285714,-625.2857142857138,normal,0.20279440614162472,Low
2023-10-27,12838,11370.0,1468.0,normal,0.4761058527556174,Low
2023-10-28,13847,11176.714285714286,2670.2857142857138,normal,0.8660345075620863,Low
2023-10-29,12810,11140.142857142857,1669.8571428571431,normal,0.5415727241008577,Low
2023-10-30,9518,11156.142857142857,-1638.1428571428569,normal,0.5312870585391849,Low
2023-10-31,8990,11310.285714285714,-2320.2857142857138,normal,0.7525215317688533,Low
2023-11-01,9379,11445.571428571428,-2066.5714285714275,normal,0.6702362072754727,Low
2023-11-02,10711,11111.42857142857,-400.42857142857065,normal,0.12986811067282922,Low
2023-11-03,13917,11109.714285714284,2807.2857142857156,normal,0.9104667295154382,Low
2023-11-04,14794,11181.42857142857,3612.5714285714294,normal,1.1716392374935827,Low
2023-11-05,10471,11240.714285714284,-769.7142857142844,normal,0.2496358830914035,Low
2023-11-06,9506,11057.999999999998,-1551.9999999999982,normal,0.5033489669459927,Low
2023-11-07,9492,10965.285714285712,-1473.285714285712,normal,0.47782013034922877,Low
2023-11-08,9794,10861.0,-1067.0,normal,0.3460524147753704,Low
2023-11-09,9432,10955.857142857143,-1523.8571428571431,normal,0.4942215970556804,Low
2023-11-10,13268,9832.0,3436.0,normal,1.1143730995015677,Low
2023-11-11,14064,9820.285714285714,4243.714285714286,normal,1.3763332485362372,Low
2023-11-12,11135,9724.142857142857,1410.8571428571431,normal,0.4575731220138652,Low
2023-11-13,1639,9732.142857142855,-8093.142857142855,drop,2.6247906549543822,High
2023-11-14,9410,9770.857142857143,-360.8571428571431,normal,0.11703419463416606,Low
2023-11-15,9121,9756.0,-635.0,normal,0.2059449703677228,Low
2023-11-16,9488,9719.142857142857,-231.14285714285688,normal,0.0749648958503881,Low
2023-11-17,13539,10771.857142857143,2767.142857142857,normal,0.8974474861693567,Low
2023-11-18,13960,10713.714285714286,3246.2857142857138,normal,1.0528444334389497,Low
2023-11-19,10877,10835.285714285714,41.714285714286234,normal,0.01352889344147937,Low
2023-11-20,9008,10826.857142857141,-1818.8571428571413,normal,0.5898968195099762,Low
2023-11-21,9003,10818.857142857143,-1815.8571428571431,normal,0.5889238511460348,Low
2023-11-22,9972,10755.714285714284,-783.7142857142844,normal,0.2541764021231328,Low
2023-11-23,9429,10877.428571428572,-1448.4285714285725,normal,0.4697583924765676,Low
2023-11-24,13483,10767.857142857141,2715.1428571428587,normal,0.8805827011943625,Low
2023-11-25,13518,10895.714285714284,2622.2857142857156,normal,0.850467013739015,Low
2023-11-26,11729,10996.142857142857,732.8571428571431,normal,0.23768227176297374,Low
2023-11-27,8241,11171.142857142857,-2930.142857142857,normal,0.9503121006102051,Low
2023-11-28,9898,11293.857142857143,-1395.8571428571431,normal,0.4527082801941552,Low
2023-11-29,10675,11313.857142857143,-638.8571428571431,normal,0.20719592969279116,Low
2023-11-30,10654,11351.571428571428,-697.5714285714275,normal,0.22623831052994126,Low
2023-12-01,14342,11449.714285714284,2892.2857142857156,normal,0.9380341664937948,Low
2023-12-02,13658,11289.571428571428,2368.4285714285725,normal,0.7681353574187801,Low
2023-12-03,11993,11271.571428571428,721.4285714285725,normal,0.23397572561462354,Low
2023-12-04,8928,11254.285714285714,-2326.2857142857138,normal,0.7544674684967373,Low
2023-12-05,8777,10987.428571428572,-2210.4285714285725,normal,0.7168923569178349,Low
2023-12-06,10549,11027.0,-478.0,normal,0.15502629265475826,Low
2023-12-07,10533,14479.428571428572,-3946.4285714285725,normal,1.2799167168522707,Low
2023-12-08,12474,14594.714285714286,-2120.7142857142862,normal,0.6877959696532836,Low
2023-12-09,13935,14656.571428571428,-721.5714285714275,normal,0.23402205744147725,Low
2023-12-10,36160,14755.285714285714,21404.714285714286,spike,6.942036613072443,High
2023-12-11,9735,14807.285714285716,-5072.285714285716,normal,1.6450578442916461,Medium
2023-12-12,9210,14875.142857142859,-5665.142857142859,normal,1.8373349257373268,Medium
2023-12-13,11240,14937.42857142857,-3697.4285714285706,normal,1.1991603426450845,Low
2023-12-14,10897,11401.714285714284,-504.7142857142844,normal,0.16369034427652707,Low
2023-12-15,12949,11243.142857142857,1705.8571428571431,normal,0.5532483444681616,Low
2023-12-16,14371,11317.571428571428,3053.4285714285725,normal,0.9902964671855362,Low
2023-12-17,11410,11094.428571428572,315.57142857142753,normal,0.10234700552132692,Low
2023-12-18,8625,11165.857142857143,-2540.857142857143,normal,0.8240578724320176,Low
2023-12-19,9731,11295.571428571428,-1564.5714285714275,normal,0.5074261677091785,Low
2023-12-20,9678,11283.714285714284,-1605.7142857142844,normal,0.5207697338432401,Low
2023-12-21,11397,11370.428571428572,26.571428571427532,normal,0.008617719794914498,Low
2023-12-22,13857,11576.571428571428,2280.4285714285725,normal,0.7395949520764815,Low
2023-12-23,14288,11551.142857142857,2736.857142857143,normal,0.8876251388762281,Low
2023-12-24,12017,15619.571428571428,-3602.5714285714275,normal,1.1683960096137755,Low
2023-12-25,10068,15501.142857142857,-5433.142857142857,normal,1.7620920389258117,Medium
2023-12-26,9553,15433.857142857141,-5880.857142857141,normal,1.9072959842874408,Medium
2023-12-27,38157,15375.57142857143,22781.428571428572,spike,7.388536428468112,High
2023-12-28,10568,15431.428571428572,-4863.4285714285725,normal,1.5773207134305414,Medium
